{
  "IcoMoonType": "selection",
  "icons": [
    {
      "icon": {
        "paths": [
          "M987.429 510.286c0 5.143-2.286 10.286-5.714 13.714l-219.429 202.286c-5.714 5.143-13.143 6.286-20 3.429-6.286-2.857-10.857-9.143-10.857-16.571v-128h-713.143c-10.286 0-18.286-8-18.286-18.286v-109.714c0-10.286 8-18.286 18.286-18.286h713.143v-128c0-7.429 4-13.714 10.857-16.571s14.286-1.714 20 2.857l219.429 200c3.429 3.429 5.714 8 5.714 13.143v0z"
        ],
        "attrs": [
          {}
        ],
        "width": 987,
        "isMulticolor": false,
        "isMulticolor2": false,
        "tags": [
          "long-arrow-right"
        ],
        "grid": 14
      },
      "attrs": [
        {}
      ],
      "properties": {
        "order": 20,
        "id": 0,
        "name": "long-arrow-right",
        "prevSize": 28
      },
      "setIdx": 0,
      "setId": 3,
      "iconIdx": 0
    }
  ],
  "height": 1024,
  "preferences": {
    "showGlyphs": true,
    "showQuickUse": true,
    "showQuickUse2": true,
    "showSVGs": true,
    "fontPref": {
      "prefix": "icon-",
      "metadata": {
        "fontFamily": "icomoon"
      },
      "metrics": {
        "emSize": 1024,
        "baseline": 6.25,
        "whitespace": 50
      },
      "embed": false
    },
    "imagePref": {
      "prefix": "icon-",
      "png": true,
      "useClassSelector": true,
      "color": 0,
      "bgColor": 16777215,
      "classSelector": ".icon",
      "name": "icomoon"
    },
    "historySize": 50,
    "showCodes": true,
    "gridSize": 16
  }
}